{"licenses":[{"name":"","id":0,"url":""}],"info":{"contributor":"","date_created":"","description":"","url":"","version":"","year":""},"categories":[{"id":1,"name":"TEXT","supercategory":""},{"id":2,"name":"FIGURE","supercategory":""}],"images":[{"id":1,"width":2432,"height":1353,"file_name":"001.png","license":0,"flickr_url":"","coco_url":"","date_captured":0},{"id":2,"width":2431,"height":1550,"file_name":"002.png","license":0,"flickr_url":"","coco_url":"","date_captured":0},{"id":3,"width":2561,"height":1812,"file_name":"003.png","license":0,"flickr_url":"","coco_url":"","date_captured":0},{"id":4,"width":2558,"height":954,"file_name":"004.png","license":0,"flickr_url":"","coco_url":"","date_captured":0},{"id":5,"width":2546,"height":1830,"file_name":"005.png","license":0,"flickr_url":"","coco_url":"","date_captured":0},{"id":6,"width":2589,"height":2396,"file_name":"006.png","license":0,"flickr_url":"","coco_url":"","date_captured":0},{"id":7,"width":2607,"height":1920,"file_name":"007.png","license":0,"flickr_url":"","coco_url":"","date_captured":0},{"id":8,"width":2432,"height":1353,"file_name":"008.png","license":0,"flickr_url":"","coco_url":"","date_captured":0},{"id":9,"width":2431,"height":1550,"file_name":"009.png","license":0,"flickr_url":"","coco_url":"","date_captured":0},{"id":10,"width":2558,"height":954,"file_name":"010.png","license":0,"flickr_url":"","coco_url":"","date_captured":0},{"id":11,"width":2589,"height":2396,"file_name":"011.png","license":0,"flickr_url":"","coco_url":"","date_captured":0},{"id":12,"width":2607,"height":1920,"file_name":"012.png","license":0,"flickr_url":"","coco_url":"","date_captured":0}],"annotations":[{"id":1,"image_id":1,"category_id":1,"segmentation":[],"area":79068.709,"bbox":[42.5,315.43,795.7,99.37],"iscrowd":0,"attributes":{"style":"WHITE","mask":"RED","occluded":false,"rotation":0.0}},{"id":2,"image_id":1,"category_id":1,"segmentation":[],"area":257907.37800000003,"bbox":[0.0,98.02,1341.8,192.21],"iscrowd":0,"attributes":{"style":"BLACK","mask":"BLACK","occluded":false,"rotation":0.0}},{"id":3,"image_id":1,"category_id":1,"segmentation":[],"area":44305.51999999999,"bbox":[2059.11,134.6,363.16,122.0],"iscrowd":0,"attributes":{"style":"WHITE","mask":"RED","occluded":false,"rotation":0.0}},{"id":4,"image_id":1,"category_id":1,"segmentation":[],"area":57121.61999999997,"bbox":[1439.15,131.15,468.21,122.0],"iscrowd":0,"attributes":{"style":"WHITE","mask":"RED","occluded":false,"rotation":0.0}},{"id":5,"image_id":1,"category_id":2,"segmentation":[],"area":17000.617699999984,"bbox":[1919.4,131.57,132.89,127.93],"iscrowd":0,"attributes":{"TYPE":"QR","occluded":false,"rotation":0.0}},{"id":6,"image_id":1,"category_id":1,"segmentation":[],"area":206619.04940000002,"bbox":[947.5,318.78,1450.06,142.49],"iscrowd":0,"attributes":{"style":"WHITE","mask":"RED","occluded":false,"rotation":0.0}},{"id":7,"image_id":1,"category_id":1,"segmentation":[],"area":206605.9736,"bbox":[945.67,835.72,1450.07,142.48],"iscrowd":0,"attributes":{"style":"WHITE","mask":"RED","occluded":false,"rotation":0.0}},{"id":8,"image_id":1,"category_id":1,"segmentation":[],"area":79068.709,"bbox":[43.08,835.09,795.7,99.37],"iscrowd":0,"attributes":{"style":"WHITE","mask":"RED","occluded":false,"rotation":0.0}},{"id":9,"image_id":1,"category_id":1,"segmentation":[],"area":38920.112,"bbox":[31.68,40.6,722.08,53.9],"iscrowd":0,"attributes":{"style":"WHITE","mask":"RED","occluded":false,"rotation":0.0}},{"id":10,"image_id":1,"category_id":1,"segmentation":[],"area":132775.62779999996,"bbox":[806.59,14.32,1619.61,81.98],"iscrowd":0,"attributes":{"style":"BLACK","mask":"BLACK","occluded":false,"rotation":0.0}},{"id":11,"image_id":1,"category_id":1,"segmentation":[],"area":849368.9600000002,"bbox":[0.0,467.14,2416.0,351.56],"iscrowd":0,"attributes":{"style":"BLACK","mask":"BLACK","occluded":false,"rotation":0.0}},{"id":12,"image_id":1,"category_id":1,"segmentation":[],"area":849041.5499999998,"bbox":[0.0,984.78,2415.0,351.57],"iscrowd":0,"attributes":{"style":"BLACK","mask":"BLACK","occluded":false,"rotation":0.0}},{"id":13,"image_id":2,"category_id":1,"segmentation":[],"area":114463.46999999999,"bbox":[7.94,17.45,918.5,124.62],"iscrowd":0,"attributes":{"style":"BLACK","mask":"BLACK","occluded":false,"rotation":0.0}},{"id":14,"image_id":2,"category_id":1,"segmentation":[],"area":114454.2849999999,"bbox":[5.64,971.74,918.5,124.61],"iscrowd":0,"attributes":{"style":"BLACK","mask":"BLACK","occluded":false,"rotation":0.0}},{"id":15,"image_id":2,"category_id":1,"segmentation":[],"area":114463.47,"bbox":[4.24,479.87,918.5,124.62],"iscrowd":0,"attributes":{"style":"BLACK","mask":"BLACK","occluded":false,"rotation":0.0}},{"id":16,"image_id":2,"category_id":1,"segmentation":[],"area":126931.434,"bbox":[1021.3,52.58,1400.7,90.62],"iscrowd":0,"attributes":{"style":"WHITE","mask":"RED","occluded":false,"rotation":0.0}},{"id":17,"image_id":2,"category_id":1,"segmentation":[],"area":126931.434,"bbox":[1021.07,513.22,1400.7,90.62],"iscrowd":0,"attributes":{"style":"WHITE","mask":"RED","occluded":false,"rotation":0.0}},{"id":18,"image_id":2,"category_id":1,"segmentation":[],"area":126931.43400000004,"bbox":[1011.87,998.11,1400.7,90.62],"iscrowd":0,"attributes":{"style":"WHITE","mask":"RED","occluded":false,"rotation":0.0}},{"id":19,"image_id":2,"category_id":1,"segmentation":[],"area":785259.0902,"bbox":[4.14,142.13,2426.86,323.57],"iscrowd":0,"attributes":{"style":"BLACK","mask":"BLACK","occluded":false,"rotation":0.0}},{"id":20,"image_id":2,"category_id":1,"segmentation":[],"area":865533.2399999999,"bbox":[0.0,609.46,2431.0,356.04],"iscrowd":0,"attributes":{"style":"BLACK","mask":"BLACK","occluded":false,"rotation":0.0}},{"id":21,"image_id":2,"category_id":1,"segmentation":[],"area":818590.63,"bbox":[0.0,1103.9,2431.0,336.73],"iscrowd":0,"attributes":{"style":"BLACK","mask":"BLACK","occluded":false,"rotation":0.0}},{"id":22,"image_id":3,"category_id":1,"segmentation":[],"area":142665.9,"bbox":[731.95,1150.87,1829.05,78.0],"iscrowd":0,"attributes":{"style":"BLACK","mask":"BLACK","occluded":false,"rotation":0.0}},{"id":23,"image_id":3,"category_id":1,"segmentation":[],"area":55133.89,"bbox":[61.7,126.5,303.1,181.9],"iscrowd":0,"attributes":{"style":"WHITE","mask":"RED","occluded":false,"rotation":0.0}},{"id":24,"image_id":3,"category_id":1,"segmentation":[],"area":31897.305600000003,"bbox":[68.62,549.28,521.88,61.12],"iscrowd":0,"attributes":{"style":"WHITE","mask":"RED","occluded":false,"rotation":0.0}},{"id":25,"image_id":3,"category_id":1,"segmentation":[],"area":43631.123199999995,"bbox":[67.94,840.53,713.86,61.12],"iscrowd":0,"attributes":{"style":"WHITE","mask":"RED","occluded":false,"rotation":0.0}},{"id":26,"image_id":3,"category_id":1,"segmentation":[],"area":41109.312000000005,"bbox":[69.5,1018.09,672.6,61.12],"iscrowd":0,"attributes":{"style":"WHITE","mask":"RED","occluded":false,"rotation":0.0}},{"id":27,"image_id":3,"category_id":1,"segmentation":[],"area":31682.749999999996,"bbox":[68.7,1184.6,618.2,51.25],"iscrowd":0,"attributes":{"style":"WHITE","mask":"RED","occluded":false,"rotation":0.0}},{"id":28,"image_id":3,"category_id":1,"segmentation":[],"area":34410.787500000006,"bbox":[74.27,1511.67,671.43,51.25],"iscrowd":0,"attributes":{"style":"WHITE","mask":"RED","occluded":false,"rotation":0.0}},{"id":29,"image_id":3,"category_id":1,"segmentation":[],"area":454562.21470000007,"bbox":[481.29,76.6,2079.71,218.57],"iscrowd":0,"attributes":{"style":"BLACK","mask":"BLACK","occluded":false,"rotation":0.0}},{"id":30,"image_id":3,"category_id":1,"segmentation":[],"area":564662.1888,"bbox":[61.61,309.08,2499.39,225.92],"iscrowd":0,"attributes":{"style":"BLACK","mask":"BLACK","occluded":false,"rotation":0.0}},{"id":31,"image_id":3,"category_id":1,"segmentation":[],"area":509768.0136,"bbox":[40.64,617.94,2520.36,202.26],"iscrowd":0,"attributes":{"style":"BLACK","mask":"BLACK","occluded":false,"rotation":0.0}},{"id":32,"image_id":3,"category_id":1,"segmentation":[],"area":271184.29,"bbox":[0.0,905.21,2561.0,105.89],"iscrowd":0,"attributes":{"style":"BLACK","mask":"BLACK","occluded":false,"rotation":0.0}},{"id":33,"image_id":3,"category_id":1,"segmentation":[],"area":627511.5377999998,"bbox":[0.46,1238.03,2560.54,245.07],"iscrowd":0,"attributes":{"style":"BLACK","mask":"BLACK","occluded":false,"rotation":0.0}},{"id":34,"image_id":3,"category_id":1,"segmentation":[],"area":608557.4979999999,"bbox":[0.46,1564.0,2483.3,245.06],"iscrowd":0,"attributes":{"style":"BLACK","mask":"BLACK","occluded":false,"rotation":0.0}},{"id":35,"image_id":3,"category_id":1,"segmentation":[],"area":135128.76,"bbox":[782.77,1483.7,1732.42,78.0],"iscrowd":0,"attributes":{"style":"BLACK","mask":"BLACK","occluded":false,"rotation":0.0}},{"id":36,"image_id":3,"category_id":1,"segmentation":[],"area":174480.9299999997,"bbox":[0.0,1072.17,2561.0,68.13],"iscrowd":0,"attributes":{"style":"BLACK","mask":"BLACK","occluded":false,"rotation":0.0}},{"id":37,"image_id":3,"category_id":1,"segmentation":[],"area":127081.43249999992,"bbox":[821.35,823.0,1739.65,73.05],"iscrowd":0,"attributes":{"style":"BLACK","mask":"BLACK","occluded":false,"rotation":0.0}},{"id":38,"image_id":3,"category_id":1,"segmentation":[],"area":140955.08849999993,"bbox":[631.43,539.88,1929.57,73.05],"iscrowd":0,"attributes":{"style":"BLACK","mask":"BLACK","occluded":false,"rotation":0.0}},{"id":39,"image_id":3,"category_id":1,"segmentation":[],"area":119202.29199999975,"bbox":[792.42,1002.7,1768.58,67.4],"iscrowd":0,"attributes":{"style":"BLACK","mask":"BLACK","occluded":false,"rotation":0.0}},{"id":40,"image_id":4,"category_id":1,"segmentation":[],"area":24765.159999999963,"bbox":[70.1,542.1,513.8,48.2],"iscrowd":0,"attributes":{"style":"WHITE","mask":"RED","occluded":false,"rotation":0.0}},{"id":41,"image_id":4,"category_id":1,"segmentation":[],"area":25119.91200000003,"bbox":[76.04,745.15,521.16,48.2],"iscrowd":0,"attributes":{"style":"WHITE","mask":"RED","occluded":false,"rotation":0.0}},{"id":42,"image_id":4,"category_id":1,"segmentation":[],"area":925100.7,"bbox":[0.0,158.75,2558.0,361.65],"iscrowd":0,"attributes":{"style":"BLACK","mask":"BLACK","occluded":false,"rotation":0.0}},{"id":43,"image_id":4,"category_id":1,"segmentation":[],"area":395565.3072,"bbox":[7.94,790.18,2550.06,155.12],"iscrowd":0,"attributes":{"style":"BLACK","mask":"BLACK","occluded":false,"rotation":0.0}},{"id":44,"image_id":4,"category_id":1,"segmentation":[],"area":326528.69999999995,"bbox":[0.0,597.35,2558.0,127.65],"iscrowd":0,"attributes":{"style":"BLACK","mask":"BLACK","occluded":false,"rotation":0.0}},{"id":45,"image_id":4,"category_id":1,"segmentation":[],"area":169653.315,"bbox":[17.33,1.44,1124.5,150.87],"iscrowd":0,"attributes":{"style":"BLACK","mask":"BLACK","occluded":false,"rotation":0.0}},{"id":46,"image_id":4,"category_id":1,"segmentation":[],"area":106119.8905,"bbox":[1222.1,71.2,1246.27,85.15],"iscrowd":0,"attributes":{"style":"WHITE","mask":"RED","occluded":false,"rotation":0.0}},{"id":47,"image_id":5,"category_id":1,"segmentation":[],"area":804460.6720000001,"bbox":[1035.54,157.3,1381.76,582.2],"iscrowd":0,"attributes":{"style":"BLACK","mask":"BLACK","occluded":false,"rotation":0.0}},{"id":48,"image_id":5,"category_id":1,"segmentation":[],"area":458635.6979999999,"bbox":[0.0,1587.22,1889.1,242.78],"iscrowd":0,"attributes":{"style":"BLACK","mask":"BLACK","occluded":false,"rotation":0.0}},{"id":49,"image_id":5,"category_id":1,"segmentation":[],"area":246838.55519999986,"bbox":[0.0,1407.98,2536.36,97.32],"iscrowd":0,"attributes":{"style":"BLACK","mask":"BLACK","occluded":false,"rotation":0.0}},{"id":50,"image_id":5,"category_id":1,"segmentation":[],"area":241708.5,"bbox":[53.13,590.63,940.5,257.0],"iscrowd":0,"attributes":{"style":"BLACK","mask":"BLACK","occluded":false,"rotation":0.0}},{"id":51,"image_id":5,"category_id":2,"segmentation":[],"area":180454.13650000002,"bbox":[175.75,284.67,677.05,266.53],"iscrowd":0,"attributes":{"TYPE":"IMAGE","occluded":false,"rotation":0.0}},{"id":52,"image_id":5,"category_id":1,"segmentation":[],"area":163222.92000000022,"bbox":[88.2,1507.1,2386.3,68.4],"iscrowd":0,"attributes":{"style":"WHITE","mask":"RED","occluded":false,"rotation":0.0}},{"id":53,"image_id":5,"category_id":1,"segmentation":[],"area":173511.2369999998,"bbox":[95.73,899.2,2250.47,77.1],"iscrowd":0,"attributes":{"style":"WHITE","mask":"RED","occluded":false,"rotation":0.0}},{"id":54,"image_id":5,"category_id":2,"segmentation":[],"area":152935.73849999986,"bbox":[1887.55,1588.41,651.65,234.69],"iscrowd":0,"attributes":{"TYPE":"LOGO","occluded":false,"rotation":0.0}},{"id":55,"image_id":5,"category_id":2,"segmentation":[],"area":25682.25,"bbox":[2327.9,0.0,181.5,141.5],"iscrowd":0,"attributes":{"TYPE":"QR","occluded":false,"rotation":0.0}},{"id":56,"image_id":5,"category_id":1,"segmentation":[],"area":847105.1199999998,"bbox":[0.0,976.08,2546.0,332.72],"iscrowd":0,"attributes":{"style":"BLACK","mask":"BLACK","occluded":false,"rotation":0.0}},{"id":57,"image_id":5,"category_id":1,"segmentation":[],"area":156936.996,"bbox":[91.7,1341.39,2359.6,66.51],"iscrowd":0,"attributes":{"style":"WHITE","mask":"RED","occluded":false,"rotation":0.0}},{"id":58,"image_id":5,"category_id":1,"segmentation":[],"area":235294.29,"bbox":[34.1,11.37,940.5,250.18],"iscrowd":0,"attributes":{"style":"BLACK","mask":"BLACK","occluded":false,"rotation":0.0}},{"id":59,"image_id":6,"category_id":1,"segmentation":[],"area":617114.0399999997,"bbox":[0.0,1133.94,2589.0,238.36],"iscrowd":0,"attributes":{"style":"BLACK","mask":"BLACK","occluded":false,"rotation":0.0}},{"id":60,"image_id":6,"category_id":1,"segmentation":[],"area":26684.150000000005,"bbox":[1406.3,291.8,530.5,50.3],"iscrowd":0,"attributes":{"style":"WHITE","mask":"RED","occluded":false,"rotation":0.0}},{"id":61,"image_id":6,"category_id":1,"segmentation":[],"area":29809.57800000002,"bbox":[625.8,279.0,537.4,55.47],"iscrowd":0,"attributes":{"style":"WHITE","mask":"RED","occluded":false,"rotation":0.0}},{"id":62,"image_id":6,"category_id":1,"segmentation":[],"area":21963.76709999998,"bbox":[91.19,1033.39,221.61,99.11],"iscrowd":0,"attributes":{"style":"WHITE","mask":"RED","occluded":false,"rotation":0.0}},{"id":63,"image_id":6,"category_id":1,"segmentation":[],"area":33300.8604000001,"bbox":[619.92,1385.32,658.38,50.58],"iscrowd":0,"attributes":{"style":"WHITE","mask":"RED","occluded":false,"rotation":0.0}},{"id":64,"image_id":6,"category_id":1,"segmentation":[],"area":33301.36619999996,"bbox":[1828.61,1553.22,658.39,50.58],"iscrowd":0,"attributes":{"style":"WHITE","mask":"RED","occluded":false,"rotation":0.0}},{"id":65,"image_id":6,"category_id":1,"segmentation":[],"area":828018.425,"bbox":[1347.5,342.25,1241.5,666.95],"iscrowd":0,"attributes":{"style":"BLACK","mask":"BLACK","occluded":false,"rotation":0.0}},{"id":66,"image_id":6,"category_id":1,"segmentation":[],"area":807906.9040000001,"bbox":[0.0,337.6,1230.44,656.6],"iscrowd":0,"attributes":{"style":"BLACK","mask":"BLACK","occluded":false,"rotation":0.0}},{"id":67,"image_id":6,"category_id":1,"segmentation":[],"area":515057.4,"bbox":[0.0,0.0,1973.4,261.0],"iscrowd":0,"attributes":{"style":"BLACK","mask":"BLACK","occluded":false,"rotation":0.0}},{"id":68,"image_id":6,"category_id":2,"segmentation":[],"area":47075.68089999999,"bbox":[2169.71,15.59,228.29,206.21],"iscrowd":0,"attributes":{"TYPE":"QR","occluded":false,"rotation":0.0}},{"id":69,"image_id":6,"category_id":1,"segmentation":[],"area":241629.31000000023,"bbox":[397.94,1027.8,2179.0,110.89],"iscrowd":0,"attributes":{"style":"BLACK","mask":"BLACK","occluded":false,"rotation":0.0}},{"id":70,"image_id":6,"category_id":1,"segmentation":[],"area":927638.7000000004,"bbox":[0.0,1603.1,2589.0,358.3],"iscrowd":0,"attributes":{"style":"BLACK","mask":"BLACK","occluded":false,"rotation":0.0}},{"id":71,"image_id":6,"category_id":1,"segmentation":[],"area":297058.5303000002,"bbox":[0.0,1432.29,2551.83,116.41],"iscrowd":0,"attributes":{"style":"BLACK","mask":"BLACK","occluded":false,"rotation":0.0}},{"id":72,"image_id":6,"category_id":2,"segmentation":[],"area":47075.680900000014,"bbox":[68.93,1980.92,228.29,206.21],"iscrowd":0,"attributes":{"TYPE":"QR","occluded":false,"rotation":0.0}},{"id":73,"image_id":6,"category_id":2,"segmentation":[],"area":47075.68090000005,"bbox":[2280.39,1995.8,228.29,206.21],"iscrowd":0,"attributes":{"TYPE":"QR","occluded":false,"rotation":0.0}},{"id":74,"image_id":7,"category_id":1,"segmentation":[],"area":24255.163000000008,"bbox":[1490.19,137.42,482.21,50.3],"iscrowd":0,"attributes":{"style":"WHITE_BLACK_OUTLINE","mask":"RED","occluded":false,"rotation":0.0}},{"id":75,"image_id":7,"category_id":1,"segmentation":[],"area":24736.534000000003,"bbox":[659.0,180.5,491.78,50.3],"iscrowd":0,"attributes":{"style":"WHITE_BLACK_OUTLINE","mask":"RED","occluded":false,"rotation":0.0}},{"id":76,"image_id":7,"category_id":1,"segmentation":[],"area":30092.47800000004,"bbox":[1486.14,707.42,598.26,50.3],"iscrowd":0,"attributes":{"style":"WHITE_BLACK_OUTLINE","mask":"RED","occluded":false,"rotation":0.0}},{"id":77,"image_id":7,"category_id":1,"segmentation":[],"area":137842.28999999992,"bbox":[1143.8,888.2,1374.3,100.3],"iscrowd":0,"attributes":{"style":"WHITE_BLACK_OUTLINE","mask":"RED","occluded":false,"rotation":0.0}},{"id":78,"image_id":7,"category_id":1,"segmentation":[],"area":119842.84199999995,"bbox":[143.1,859.23,900.6,133.07],"iscrowd":0,"attributes":{"style":"BLACK","mask":"BLACK","occluded":false,"rotation":0.0}},{"id":79,"image_id":7,"category_id":1,"segmentation":[],"area":725362.2899999999,"bbox":[53.7,230.8,1239.3,585.3],"iscrowd":0,"attributes":{"style":"BLACK","mask":"BLACK","occluded":false,"rotation":0.0}},{"id":80,"image_id":7,"category_id":1,"segmentation":[],"area":614266.0991999999,"bbox":[1328.82,190.21,1255.68,489.19],"iscrowd":0,"attributes":{"style":"BLACK","mask":"BLACK","occluded":false,"rotation":0.0}},{"id":81,"image_id":7,"category_id":1,"segmentation":[],"area":121650.34589999985,"bbox":[1323.01,756.69,1259.19,96.61],"iscrowd":0,"attributes":{"style":"BLACK","mask":"BLACK","occluded":false,"rotation":0.0}},{"id":82,"image_id":7,"category_id":1,"segmentation":[],"area":1095048.3,"bbox":[53.7,1005.45,2518.8,434.75],"iscrowd":0,"attributes":{"style":"BLACK","mask":"BLACK","occluded":false,"rotation":0.0}},{"id":83,"image_id":7,"category_id":1,"segmentation":[],"area":649881.7129999998,"bbox":[66.5,1660.39,2503.3,259.61],"iscrowd":0,"attributes":{"style":"BLACK","mask":"BLACK","occluded":false,"rotation":0.0}},{"id":84,"image_id":7,"category_id":1,"segmentation":[],"area":26162.934599999957,"bbox":[147.47,1463.78,657.03,39.82],"iscrowd":0,"attributes":{"style":"WHITE_BLACK_OUTLINE","mask":"RED","occluded":false,"rotation":0.0}},{"id":85,"image_id":7,"category_id":1,"segmentation":[],"area":27595.190699999974,"bbox":[142.2,1607.4,660.33,41.79],"iscrowd":0,"attributes":{"style":"WHITE_BLACK_OUTLINE","mask":"RED","occluded":false,"rotation":0.0}},{"id":86,"image_id":7,"category_id":1,"segmentation":[],"area":208844.5531999999,"bbox":[63.6,1512.51,2463.08,84.79],"iscrowd":0,"attributes":{"style":"BLACK","mask":"BLACK","occluded":false,"rotation":0.0}},{"id":87,"image_id":7,"category_id":2,"segmentation":[],"area":105690.27630000001,"bbox":[46.79,1.58,598.71,176.53],"iscrowd":0,"attributes":{"TYPE":"BARCODE","occluded":false,"rotation":0.0}},{"id":88,"image_id":7,"category_id":2,"segmentation":[],"area":36786.90399999994,"bbox":[2363.05,4.77,215.38,170.8],"iscrowd":0,"attributes":{"TYPE":"QR","occluded":false,"rotation":0.0}},{"id":89,"image_id":8,"category_id":1,"segmentation":[],"area":377592.32000000007,"bbox":[0.0,98.6,2432.0,155.26],"iscrowd":0,"attributes":{"style":"BLACK","mask":"BLACK","occluded":false,"rotation":0.0}},{"id":90,"image_id":8,"category_id":1,"segmentation":[],"area":842031.3600000001,"bbox":[0.0,468.37,2432.0,346.23],"iscrowd":0,"attributes":{"style":"BLACK","mask":"BLACK","occluded":false,"rotation":0.0}},{"id":91,"image_id":8,"category_id":1,"segmentation":[],"area":884520.7429,"bbox":[0.0,984.07,2397.53,368.93],"iscrowd":0,"attributes":{"style":"BLACK","mask":"BLACK","occluded":false,"rotation":0.0}},{"id":92,"image_id":8,"category_id":1,"segmentation":[],"area":36914.666999999994,"bbox":[1672.21,43.88,733.89,50.3],"iscrowd":0,"attributes":{"style":"WHITE","mask":"RED","occluded":false,"rotation":0.0}},{"id":93,"image_id":8,"category_id":1,"segmentation":[],"area":81071.25240000003,"bbox":[1584.88,312.53,806.92,100.47],"iscrowd":0,"attributes":{"style":"WHITE","mask":"RED","occluded":false,"rotation":0.0}},{"id":94,"image_id":8,"category_id":1,"segmentation":[],"area":221572.25089999998,"bbox":[35.65,313.66,1448.09,153.01],"iscrowd":0,"attributes":{"style":"WHITE","mask":"RED","occluded":false,"rotation":0.0}},{"id":95,"image_id":8,"category_id":1,"segmentation":[],"area":238065.99599999998,"bbox":[28.79,831.59,1448.09,164.4],"iscrowd":0,"attributes":{"style":"WHITE","mask":"RED","occluded":false,"rotation":0.0}},{"id":96,"image_id":8,"category_id":1,"segmentation":[],"area":82911.03000000001,"bbox":[1583.73,832.75,806.92,102.75],"iscrowd":0,"attributes":{"style":"WHITE","mask":"RED","occluded":false,"rotation":0.0}},{"id":97,"image_id":9,"category_id":1,"segmentation":[],"area":156603.9675,"bbox":[1.15,42.55,1405.15,111.45],"iscrowd":0,"attributes":{"style":"WHITE","mask":"RED","occluded":false,"rotation":0.0}},{"id":98,"image_id":9,"category_id":1,"segmentation":[],"area":156603.96749999988,"bbox":[2.71,502.85,1405.15,111.45],"iscrowd":0,"attributes":{"style":"WHITE","mask":"RED","occluded":false,"rotation":0.0}},{"id":99,"image_id":9,"category_id":1,"segmentation":[],"area":149156.67249999978,"bbox":[13.68,987.45,1405.15,106.15],"iscrowd":0,"attributes":{"style":"WHITE","mask":"RED","occluded":false,"rotation":0.0}},{"id":100,"image_id":9,"category_id":1,"segmentation":[],"area":841685.13,"bbox":[0.0,154.92,2431.0,346.23],"iscrowd":0,"attributes":{"style":"BLACK","mask":"BLACK","occluded":false,"rotation":0.0}},{"id":101,"image_id":9,"category_id":1,"segmentation":[],"area":841685.13,"bbox":[0.0,615.93,2431.0,346.23],"iscrowd":0,"attributes":{"style":"BLACK","mask":"BLACK","occluded":false,"rotation":0.0}},{"id":102,"image_id":9,"category_id":1,"segmentation":[],"area":1107928.25,"bbox":[0.0,1094.25,2431.0,455.75],"iscrowd":0,"attributes":{"style":"BLACK","mask":"BLACK","occluded":false,"rotation":0.0}},{"id":103,"image_id":10,"category_id":1,"segmentation":[],"area":113960.777,"bbox":[92.0,69.93,1227.1,92.87],"iscrowd":0,"attributes":{"style":"BLACK","mask":"BLACK","occluded":false,"rotation":0.0}},{"id":104,"image_id":10,"category_id":1,"segmentation":[],"area":24277.649999999994,"bbox":[1960.5,544.2,522.1,46.5],"iscrowd":0,"attributes":{"style":"BLACK","mask":"BLACK","occluded":false,"rotation":0.0}},{"id":105,"image_id":10,"category_id":1,"segmentation":[],"area":27941.075500000017,"bbox":[1934.81,741.6,544.13,51.35],"iscrowd":0,"attributes":{"style":"BLACK","mask":"BLACK","occluded":false,"rotation":0.0}},{"id":106,"image_id":10,"category_id":1,"segmentation":[],"area":80628.19919999999,"bbox":[1392.11,67.38,868.09,92.88],"iscrowd":0,"attributes":{"style":"BLACK","mask":"BLACK","occluded":false,"rotation":0.0}},{"id":107,"image_id":10,"category_id":1,"segmentation":[],"area":180483.55800000002,"bbox":[0.0,501.53,1943.4,92.87],"iscrowd":0,"attributes":{"style":"BLACK","mask":"BLACK","occluded":false,"rotation":0.0}},{"id":108,"image_id":10,"category_id":1,"segmentation":[],"area":867468.96,"bbox":[0.0,166.18,2558.0,339.12],"iscrowd":0,"attributes":{"style":"BLACK","mask":"BLACK","occluded":false,"rotation":0.0}},{"id":109,"image_id":10,"category_id":1,"segmentation":[],"area":351418.04,"bbox":[0.0,600.32,2558.0,137.38],"iscrowd":0,"attributes":{"style":"BLACK","mask":"BLACK","occluded":false,"rotation":0.0}},{"id":110,"image_id":10,"category_id":1,"segmentation":[],"area":89865.9,"bbox":[0.0,742.7,1932.6,46.5],"iscrowd":0,"attributes":{"style":"BLACK","mask":"BLACK","occluded":false,"rotation":0.0}},{"id":111,"image_id":10,"category_id":1,"segmentation":[],"area":404164.0,"bbox":[0.0,796.0,2558.0,158.0],"iscrowd":0,"attributes":{"style":"BLACK","mask":"BLACK","occluded":false,"rotation":0.0}},{"id":112,"image_id":11,"category_id":1,"segmentation":[],"area":29419.199999999997,"bbox":[638.2,290.4,544.8,54.0],"iscrowd":0,"attributes":{"style":"WHITE","mask":"RED","occluded":false,"rotation":0.0}},{"id":113,"image_id":11,"category_id":1,"segmentation":[],"area":29419.199999999997,"bbox":[1420.32,280.18,544.8,54.0],"iscrowd":0,"attributes":{"style":"WHITE","mask":"RED","occluded":false,"rotation":0.0}},{"id":114,"image_id":11,"category_id":1,"segmentation":[],"area":22239.749999999993,"bbox":[2270.6,1039.4,228.1,97.5],"iscrowd":0,"attributes":{"style":"WHITE","mask":"RED","occluded":false,"rotation":0.0}},{"id":115,"image_id":11,"category_id":1,"segmentation":[],"area":31373.781000000086,"bbox":[1310.69,1384.3,666.11,47.1],"iscrowd":0,"attributes":{"style":"WHITE","mask":"RED","occluded":false,"rotation":0.0}},{"id":116,"image_id":11,"category_id":1,"segmentation":[],"area":31373.780999999934,"bbox":[105.32,1555.26,666.11,47.1],"iscrowd":0,"attributes":{"style":"WHITE","mask":"RED","occluded":false,"rotation":0.0}},{"id":117,"image_id":11,"category_id":1,"segmentation":[],"area":857993.6340000001,"bbox":[0.0,342.59,1291.77,664.2],"iscrowd":0,"attributes":{"style":"BLACK","mask":"BLACK","occluded":false,"rotation":0.0}},{"id":118,"image_id":11,"category_id":1,"segmentation":[],"area":840731.0759999999,"bbox":[1323.22,336.61,1265.78,664.2],"iscrowd":0,"attributes":{"style":"BLACK","mask":"BLACK","occluded":false,"rotation":0.0}},{"id":119,"image_id":11,"category_id":2,"segmentation":[],"area":25467.46300000001,"bbox":[2339.71,36.5,174.65,145.82],"iscrowd":0,"attributes":{"TYPE":"QR","occluded":false,"rotation":0.0}},{"id":120,"image_id":11,"category_id":1,"segmentation":[],"area":285739.1190000002,"bbox":[0.0,1010.04,2195.46,130.15],"iscrowd":0,"attributes":{"style":"BLACK","mask":"BLACK","occluded":false,"rotation":0.0}},{"id":121,"image_id":11,"category_id":1,"segmentation":[],"area":581644.7400000002,"bbox":[0.0,1143.54,2589.0,224.66],"iscrowd":0,"attributes":{"style":"BLACK","mask":"BLACK","occluded":false,"rotation":0.0}},{"id":122,"image_id":11,"category_id":1,"segmentation":[],"area":1525247.9560000005,"bbox":[0.0,1607.46,2553.4,597.34],"iscrowd":0,"attributes":{"style":"BLACK","mask":"BLACK","occluded":false,"rotation":0.0}},{"id":123,"image_id":11,"category_id":1,"segmentation":[],"area":291650.8499999996,"bbox":[0.0,1434.65,2589.0,112.65],"iscrowd":0,"attributes":{"style":"BLACK","mask":"BLACK","occluded":false,"rotation":0.0}},{"id":124,"image_id":12,"category_id":1,"segmentation":[],"area":26594.394199999988,"bbox":[621.5,136.8,492.58,53.99],"iscrowd":0,"attributes":{"style":"BLACK","mask":"BLACK","occluded":false,"rotation":0.0}},{"id":125,"image_id":12,"category_id":1,"segmentation":[],"area":26594.3942,"bbox":[1451.46,180.32,492.58,53.99],"iscrowd":0,"attributes":{"style":"BLACK","mask":"BLACK","occluded":false,"rotation":0.0}},{"id":126,"image_id":12,"category_id":1,"segmentation":[],"area":29315.13599999998,"bbox":[517.18,706.2,600.72,48.8],"iscrowd":0,"attributes":{"style":"BLACK","mask":"BLACK","occluded":false,"rotation":0.0}},{"id":127,"image_id":12,"category_id":1,"segmentation":[],"area":148597.25999999998,"bbox":[82.24,883.9,1369.56,108.5],"iscrowd":0,"attributes":{"style":"BLACK","mask":"BLACK","occluded":false,"rotation":0.0}},{"id":128,"image_id":12,"category_id":1,"segmentation":[],"area":100274.05699999991,"bbox":[0.0,1463.41,2458.3,40.79],"iscrowd":0,"attributes":{"style":"BLACK","mask":"BLACK","occluded":false,"rotation":0.0}},{"id":129,"image_id":12,"category_id":1,"segmentation":[],"area":27379.356000000003,"bbox":[1807.79,1605.72,652.2,41.98],"iscrowd":0,"attributes":{"style":"BLACK","mask":"BLACK","occluded":false,"rotation":0.0}},{"id":130,"image_id":12,"category_id":1,"segmentation":[],"area":649443.795,"bbox":[0.0,190.35,1285.9,505.05],"iscrowd":0,"attributes":{"style":"BLACK","mask":"BLACK","occluded":false,"rotation":0.0}},{"id":131,"image_id":12,"category_id":1,"segmentation":[],"area":610453.935,"bbox":[1328.3,234.78,1208.7,505.05],"iscrowd":0,"attributes":{"style":"BLACK","mask":"BLACK","occluded":false,"rotation":0.0}},{"id":132,"image_id":12,"category_id":1,"segmentation":[],"area":130888.73119999994,"bbox":[1552.36,865.97,996.64,131.33],"iscrowd":0,"attributes":{"style":"BLACK","mask":"BLACK","occluded":false,"rotation":0.0}},{"id":133,"image_id":12,"category_id":1,"segmentation":[],"area":1152011.28,"bbox":[0.0,1001.65,2545.6,452.55],"iscrowd":0,"attributes":{"style":"BLACK","mask":"BLACK","occluded":false,"rotation":0.0}},{"id":134,"image_id":12,"category_id":1,"segmentation":[],"area":684876.1220000002,"bbox":[0.0,1654.07,2575.4,265.93],"iscrowd":0,"attributes":{"style":"BLACK","mask":"BLACK","occluded":false,"rotation":0.0}},{"id":135,"image_id":12,"category_id":1,"segmentation":[],"area":92592.04899999993,"bbox":[0.0,1592.25,1761.98,52.55],"iscrowd":0,"attributes":{"style":"BLACK","mask":"BLACK","occluded":false,"rotation":0.0}},{"id":136,"image_id":12,"category_id":1,"segmentation":[],"area":206630.81999999998,"bbox":[0.0,1503.74,2607.0,79.26],"iscrowd":0,"attributes":{"style":"BLACK","mask":"BLACK","occluded":false,"rotation":0.0}},{"id":137,"image_id":12,"category_id":1,"segmentation":[],"area":297552.64999999997,"bbox":[0.0,752.4,2554.1,116.5],"iscrowd":0,"attributes":{"style":"BLACK","mask":"BLACK","occluded":false,"rotation":0.0}},{"id":138,"image_id":12,"category_id":2,"segmentation":[],"area":20679.251999999957,"bbox":[2382.11,28.34,152.84,135.3],"iscrowd":0,"attributes":{"TYPE":"QR","occluded":false,"rotation":0.0}}]}